"Timestamp","What is your age?","What branch did you serve in?","Which VA services/benefits do you use most often?","Generally, do you prefer to use mobile apps or use a desktop/laptop computer?","Were you aware that the VA has many apps available?","Have you ever used an app made by the VA?","Which app(s)?","If yes, how likely would you be recommend it/them to a friend with the same needs?","Which answer best describes why you haven't used a VA app in the past?","Do you use any other government-made apps (like parking, trash pickup, etc)? If yes, which ones and what do you like about them?","Do you use an app for your healthcare or health insurance, and if yes what was the reason you decided to download the app - and what do you like about it?","Do you use an app for your banking or taxes, and if yes what was the reason you decided to download the app - and what do you like about it?"
"2020/05/04 12:14:28 AM GMT","Under 40","Marines","Healthcare","mobile","No","No","","","I didn't know the VA had mobile apps","No","No","Yes - ease of use, pull up Information, etc"
"2020/05/04 11:46:26 AM GMT","Under 40","Navy","Healthcare;Education","Mobile for status checks, computer for work. ","No","No","","","I didn't know the VA had mobile apps","Yes. Quick access to information for me. AKA no hunting for info that applies to me within a larger system. ","No","Yes. Ease of use, mobile deposits, status checks."
"2020/05/04 12:30:38 PM GMT","Under 40","Navy","Healthcare;Education;Disability","Mobile apps when possible. ","No","No","","","I didn't know the VA had mobile apps","Parking, Ready 2 Serve, ","Yes, schedule appointments, communicate with my doctor, access records","Yes, it’s convenient and I can do everything that I can do on a computer with my mobile device that I generally always have with me. "
"2020/05/04 12:37:08 PM GMT","Under 40","Marines","Education;Disability;Housing","Mobile","No","No","","","I didn't know the VA had mobile apps","No","No","Yes, ease of use and quicker access than desktop "
"2020/05/04 5:21:03 PM GMT","Under 40","Navy","Healthcare;Education;Disability","desktop/laptop","No","No","","","I didn't know the VA had mobile apps","No","No","Yes, ease and portability of use"
"2020/05/04 7:28:06 PM GMT","Under 40","Army","Education","Laptop","No","No","","","Not only did I not know, I assumed it would not be useful because they still conduct business via mail (like actual mail made out of paper).","No","No","Yes. My bank has a clean, easy to use app  that makes it easy to do high frequency tasks (like transferring money, paying credit card, checking balance)."
"2020/05/04 7:53:02 PM GMT","Under 40","Marines","Education;Disability","monile","No","No","","","I didn't know the VA had mobile apps","no","no","Yes. Easy to log in, available wherever I am."
"2020/05/05 1:30:15 PM GMT","Under 40","Navy","Education;Housing;Employment","Desktop","No","No","","","I didn't know the VA had mobile apps","No, but probably will once I have moved to a larger city. ","No","Yes- they are supremely useful in day-to-day. Accessibility mainly. "
"2020/05/05 1:48:18 PM GMT","Under 40","Army","Disability;Employment","apps","No","No","","","I didn't know the VA had mobile apps","Parking","No","No"
"2020/05/05 1:56:16 PM GMT","Under 40","Navy","Healthcare","Laptop","No","No","","","I didn't know the VA had mobile apps","No","No","Yes; easy, streamlined"
"2020/05/05 2:14:47 PM GMT","40-64","Air Force","Education","Both","No","No","","","I didn't know the VA had mobile apps","No","No","Yes, convenience/ ease of use"
"2020/05/05 2:38:03 PM GMT","Under 40","Army","Healthcare;Education;Disability","mobile","No","No","","","I didn't know the VA had mobile apps","no","no","yes, convenience"
"2020/05/05 3:58:55 PM GMT","40-64","Air Force","Healthcare;Education","Laptop","Yes","No","","","I prefer to use the computer or call when I interact with the VA","Humana Healthcare","They pretty much made me do it.  I don't like it.  ","I have a banking app.  I worry about my privacy.  "
"2020/05/05 4:08:52 PM GMT","Under 40","Army","Healthcare;Education;Life Insurance","Mobile apps","No","No","","","I prefer to use the computer or call when I interact with the VA","No","No","Banking, it's easy and convenient"
"2020/05/05 4:44:26 PM GMT","40-64","Navy","Education","mobile","No","No","","","I didn't know the VA had mobile apps","Navy, tend not to be as helpful as commercial apps","no","yes - usaa - very convenient and secure"
"2020/05/06 1:22:01 PM GMT","Under 40","Marines","Education","Desktop/laptop for something as serious as VA benefits.","No","No","","","I prefer to use the computer or call when I interact with the VA","Parking - Simple purpose, simple functionality.","No.","Banking only - Simple purpose, simple functionality."
"2020/05/06 9:16:31 PM GMT","Under 40","Army","Healthcare;Education;Disability;Housing","Mobile app","No","No","","","I didn't know the VA had mobile apps","Parking, USPS Mobile","No. ","Yes. Easy to access information and transact. I like that it is user friendly and I can conduct the needed business. "
"2020/05/07 7:22:38 PM GMT","Under 40","Army","I don't use any VA services or benefits","mobile","No","No","","","I didn't know the VA had mobile apps","No","Yes, USAA works well","Ease of use"
"2020/05/13 8:42:18 PM GMT","40-64","Marines","Still active duty","App","No","No","","","I didn't know the VA had mobile apps","Parking, emergency alert","No","Banking, I love everything about it.  I do 99% of my banking via the app. "